id,priority,brand,action,owner,dependency,acceptance,measurement,estimated_effort,status
MKT-001,P0,Both,Confirm Premium beneficiary and first plan,Owner,Review strategy-options.md,One service with explicit customer and scope,Decision recorded,30 minutes,Decision pending
MKT-002,P0,Pini,Audit published supply by category and district,Supply lead,Read-only public records,Unique records and completeness gaps with update owner,Complete records and stale-price share,1-2 days,Proposed
MKT-003,P0,Pini,Remove test labels and correct locale content,Content owner,Verified project source and localized copy,No test labels in published buyer flow,Locale QA ka ru en,Half day plus QA,Ticket drafted only
MKT-004,P0,Pini,Show explicit starting-price currency and basis,Product engineer,Confirm source currency and category-appropriate basis,No unsupported derived area price; labels truthful across locales,Task comprehension,Half day plus QA,Ticket drafted only
MKT-005,P0,Pini,Restore cover-rich project catalogue card,Product engineer,Licensed actual cover source,Readable image card without layout shift,Project-open rate and mobile QA,Half day plus QA,Ticket drafted only
MKT-006,P0,Both,Confirm each inquiry recipient and representation,Owner and sales lead,Project and category mandates,Known truthful recipient for every promoted listing,Accepted inquiries and misrouting,1 day,Proposed
MKT-007,P0,Aura,Review current production launch prerequisites,Technical lead,Existing production-inputs documents,Current provider and content readiness explicitly recorded,Ready versus unverified checklist,1 day,Proposed
MKT-008,P0,Both,Define funnel and source attribution,Growth and technical leads,Owner event definitions and data handling,Clicks inquiries qualified conversations and viewings distinct,Brand-separated report with no personal data,1-2 days design only,Proposed
MKT-009,P0,Both,Measure actual contribution economics,Finance owner,Actual fee and variable costs,No agent-commission figure treated as business revenue,Allowable acquisition cost,Half day,Inputs missing
MKT-010,P1,Pini,Draft free project onboarding pack,Supply lead,Free-project policy and review scope,Required facts rights update owner and publication process clear,Time to complete published record,1 day,Proposed
MKT-011,P1,Pini,Research 30 supply prospects in chosen wedge,Growth researcher,Chosen category district,Public company references with reason for fit; no messages,Coverage gaps filled,1-2 days,Proposed
MKT-012,P1,Pini,Observe five map-first buyer tasks,Design researcher,Functional test environment and participant approval,Users find category understand price and identify recipient,Task completion and friction notes,1 day,Proposed
MKT-013,P1,Pini,Prototype category-aware map card drawer,Design lead,Owner selected map-first direction,Projects houses land distinct; no individual flat post,Mobile keyboard reduced motion checks,1-2 days,Design selection pending
MKT-014,P1,Aura,Refine factual agency subline and trust details,Content and design leads,Verified represented inventory and advisor details,Approved cinematic layout retained; four reviewed locales,Comprehension and qualified inquiry,1-2 days,Proposed
MKT-015,P1,Both,Approve voice pronunciation glossary,Native reviewers,Exact script and brand spellings,Every proper name and critical word accepted by listening,Language error count,Half day,Proposed
MKT-016,P1,Both,Compare footage-preserving repair candidates,UGC producer,Original accepted footage and destination consent,Short normal-speed sample preserves face and movement,Accepted asset cost; lip and word errors,Half day plus paid quote,Future paid gate
MKT-017,P1,Both,Obtain three real production quotes,Producer,Owner authorization for vendor messages,Capture edit native review usage rights itemized,Quoted batch cost,1-2 days elapsed,No outreach sent
MKT-018,P1,Both,Draft four pilot bodies with three hooks each,Creative lead,Verified facts and selected campaign plan,Two bodies per brand; one CTA per asset,Retention plus qualified landing actions,1-2 days,Proposed
MKT-019,P1,Both,Prepare campaign drafts and destination QA,Growth lead,Data facts production and response readiness,No broken flow and correct locale destination,Inquiry acceptance and qualified conversion,1 day,No campaigns launched
MKT-020,P2,Pini,Pilot one selected Premium offer with a small customer cohort,Commercial lead,Selected service actual costs and approved price,Scope fulfilled and no false reach or lead promise,Contribution and renewal,30 day pilot,Not authorized for release
MKT-021,P2,Both,Publish first recurring useful series,Creative and growth leads,Approved assets claims CTA and publication,Original content linked to real relevant destination,Qualified actions per 1000 views,Weekly cadence,No publication
MKT-022,P2,Pini,Expand one adjacent wedge,Supply lead,Current wedge usefulness and update capacity,Do not inflate catalogue with stale duplicates,Empty-result rate and qualified connections,After day 30,Conditional
MKT-023,P2,Aura,Review sales cohort and viewing quality,Sales and growth leads,Accepted lead attribution,No sales credited from views alone,Contribution per cohort,Weekly plus day 90,Proposed
MKT-024,P0,Pini,Agree category result identity and group counts,Owner and supply lead,Category source records,Project units and group markers do not inflate house or parcel counts,Paper identity exercise,Half day,Decision pending
MKT-025,P1,Pini,Specify named sparse-area recovery,Design lead,Known category scope and actual counts,No silent category switch or unsupported nearby claim,Empty-area storyboard task,Half day,Design selection pending
MKT-026,P0,Pini,Separate fact confirmation dates and location precision,Content and supply leads,Source provenance and update owners,New photo does not renew old price; outlines labelled honestly,Source-card comprehension task,Half day,Proposed
